Name,x(meters),y(meters),datum(feet),Start(feet),Sand1(feet),Clay1(feet),Sand2,Clay2,Sand3,Clay3,Sand4,Clay4,Sand5,Clay5,Sand6,Clay6,Sand7,Clay7,Sand8,Clay8,Sand9,Clay9,Sand10,Clay10,Sand11,Clay11,Sand12,Clay12,,,,,,,,,,,,,,,,,,,,,,,,,,,,,,,
Well-1,525238.678,3634782.735,200,0,294,315,350,,,,,,,,,,,,,,,,,,,,,,,,,,,,,,,,,,,,,,,,,,,,,,,,,,,,
Well-2,511112.957,3622100.622,220,0,20,40,154,186,206,240,270,300,310,350,,,,,,,,,,,,,,,,,,,,,,,,,,,,,,,,,,,,,,,,,,,,,
Well-3,514806.721,3623367.97,348,0,90,95,350,,,,,,,,,,,,,,,,,,,,,,,,,,,,,,,,,,,,,,,,,,,,,,,,,,,,
Well-4,513089.893,3622872.863,180,0,100,115,123,135,320,350,,,,,,,,,,,,,,,,,,,,,,,,,,,,,,,,,,,,,,,,,,,,,,,,,
Well-5,517820.78,3625897.988,200,0,15,21,114,122,320,350,,,,,,,,,,,,,,,,,,,,,,,,,,,,,,,,,,,,,,,,,,,,,,,,,
Well-6,521417.474,3646875.857,230,0,350,,,,,,,,,,,,,,,,,,,,,,,,,,,,,,,,,,,,,,,,,,,,,,,,,,,,,,
Well-7,517998.192,3628484.97,310,0,20,27,48,55,124,145,350,,,,,,,,,,,,,,,,,,,,,,,,,,,,,,,,,,,,,,,,,,,,,,,,
Well-8,510682.055,3635526.129,280,0,315,325,336,350,,,,,,,,,,,,,,,,,,,,,,,,,,,,,,,,,,,,,,,,,,,,,,,,,,,
Well-9,523199.167,3650944.79,240,0,0,20,35,40,325,335,350,,,,,,,,,,,,,,,,,,,,,,,,,,,,,,,,,,,,,,,,,,,,,,,,
Well-10,511663.509,3618683.211,300,0,350,,,,,,,,,,,,,,,,,,,,,,,,,,,,,,,,,,,,,,,,,,,,,,,,,,,,,,
Well-11,510734.036,3635526.185,260,0,20,32,350,,,,,,,,,,,,,,,,,,,,,,,,,,,,,,,,,,,,,,,,,,,,,,,,,,,,
Well-12,511657.47,3623825.67,275,0,240,250,270,310,336,,,,,,,,,,,,,,,,,,,,,,,,,,,,,,,,,,,,,,,,,,,,,,,,,,
Well-13,521932.638,3625290.361,290,0,0,20,50,65,350,,,,,,,,,,,,,,,,,,,,,,,,,,,,,,,,,,,,,,,,,,,,,,,,,,
Well-14,523199.094,3650975.584,225,0,0,45,350,,,,,,,,,,,,,,,,,,,,,,,,,,,,,,,,,,,,,,,,,,,,,,,,,,,,
Well-15,525418.422,3625514.239,238.8,0,350,,,,,,,,,,,,,,,,,,,,,,,,,,,,,,,,,,,,,,,,,,,,,,,,,,,,,,
Well-16,513483.006,3639933.09,228.5,0,230,251,319,341,350,,,,,,,,,,,,,,,,,,,,,,,,,,,,,,,,,,,,,,,,,,,,,,,,,,
Well-17,511972.906,3642671.817,236.4,0,0,61,131,168,236,296,350,,,,,,,,,,,,,,,,,,,,,,,,,,,,,,,,,,,,,,,,,,,,,,,,
Well-18,512263.722,3638545.769,225.3,0,22,34,220,258,274,306,350,,,,,,,,,,,,,,,,,,,,,,,,,,,,,,,,,,,,,,,,,,,,,,,,
Well-19,517820.78,3625897.988,209.9,0,350,,,,,,,,,,,,,,,,,,,,,,,,,,,,,,,,,,,,,,,,,,,,,,,,,,,,,,
Well-20,514696.985,3644646.335,156,0,350,,,,,,,,,,,,,,,,,,,,,,,,,,,,,,,,,,,,,,,,,,,,,,,,,,,,,,
Well-21,520988.64,3628767.998,231.8,0,150,160,260,280,340,350,,,,,,,,,,,,,,,,,,,,,,,,,,,,,,,,,,,,,,,,,,,,,,,,,
Well-22,511110.543,3624256.149,285,0,120,125,200,210,350,,,,,,,,,,,,,,,,,,,,,,,,,,,,,,,,,,,,,,,,,,,,,,,,,,
Well-23,509744.76,3637188.028,212.4,0,350,,,,,,,,,,,,,,,,,,,,,,,,,,,,,,,,,,,,,,,,,,,,,,,,,,,,,,
Well-24,510162.025,3635741.136,275,0,350,,,,,,,,,,,,,,,,,,,,,,,,,,,,,,,,,,,,,,,,,,,,,,,,,,,,,,
Well-25,521246.607,3629753.948,260,0,40,70,165,215,335,350,,,,,,,,,,,,,,,,,,,,,,,,,,,,,,,,,,,,,,,,,,,,,,,,,
Well-26,510875.62,3624933.342,295,0,0,40,96,106,168,176,248,261,308,350,,,,,,,,,,,,,,,,,,,,,,,,,,,,,,,,,,,,,,,,,,,,,
Well-27,519975.123,3628365.585,280,0,125,135,283,292,350,,,,,,,,,,,,,,,,,,,,,,,,,,,,,,,,,,,,,,,,,,,,,,,,,,
Well-28,520993.058,3638930.004,196.7,0,45,55,320,330,350,,,,,,,,,,,,,,,,,,,,,,,,,,,,,,,,,,,,,,,,,,,,,,,,,,
Well-29,511847.293,3617390.12,213.8,0,330,350,,,,,,,,,,,,,,,,,,,,,,,,,,,,,,,,,,,,,,,,,,,,,,,,,,,,,
Well-30,511532.514,3619391.3,324.2,0,300,350,,,,,,,,,,,,,,,,,,,,,,,,,,,,,,,,,,,,,,,,,,,,,,,,,,,,,
Well-31,520435.471,3632154.155,133.1,0,320,350,,,,,,,,,,,,,,,,,,,,,,,,,,,,,,,,,,,,,,,,,,,,,,,,,,,,,
Well-32,513509.026,3639902.332,222,0,114,126,194,211,302,350,,,,,,,,,,,,,,,,,,,,,,,,,,,,,,,,,,,,,,,,,,,,,,,,,
Well-33,510386.429,3644764.023,199,0,350,,,,,,,,,,,,,,,,,,,,,,,,,,,,,,,,,,,,,,,,,,,,,,,,,,,,,,
Well-34,523540.942,3638227.486,141.8,0,190,205,285,295,350,,,,,,,,,,,,,,,,,,,,,,,,,,,,,,,,,,,,,,,,,,,,,,,,,,
Well-35,513259.443,3632295.903,248.4,0,85,110,350,,,,,,,,,,,,,,,,,,,,,,,,,,,,,,,,,,,,,,,,,,,,,,,,,,,,
Well-36,512522.38,3618899.808,235.7,0,20,25,350,,,,,,,,,,,,,,,,,,,,,,,,,,,,,,,,,,,,,,,,,,,,,,,,,,,,
Well-37,509564.318,3635678.953,278,0,98,118,246,261,346,350,,,,,,,,,,,,,,,,,,,,,,,,,,,,,,,,,,,,,,,,,,,,,,,,,
Well-38,521473.841,3632895.408,185.5,0,115,170,285,295,345,350,,,,,,,,,,,,,,,,,,,,,,,,,,,,,,,,,,,,,,,,,,,,,,,,,
Well-39,511382.981,3636235.17,252.4,0,6,20,122,140,350,,,,,,,,,,,,,,,,,,,,,,,,,,,,,,,,,,,,,,,,,,,,,,,,,,
Well-40,515250.472,3639350.577,229,0,30,55,320,350,,,,,,,,,,,,,,,,,,,,,,,,,,,,,,,,,,,,,,,,,,,,,,,,,,,
Well-41,511048.743,3633001.442,221.1,0,60,86,180,198,270,288,350,,,,,,,,,,,,,,,,,,,,,,,,,,,,,,,,,,,,,,,,,,,,,,,,
Well-42,521041.572,3628336.999,183,0,201,210,350,,,,,,,,,,,,,,,,,,,,,,,,,,,,,,,,,,,,,,,,,,,,,,,,,,,,
Well-43,510212.572,3637126.913,216,0,210,225,350,,,,,,,,,,,,,,,,,,,,,,,,,,,,,,,,,,,,,,,,,,,,,,,,,,,,
Well-44,511358.939,3634541.481,248,0,98,111,350,,,,,,,,,,,,,,,,,,,,,,,,,,,,,,,,,,,,,,,,,,,,,,,,,,,,
Well-45,511047.126,3634448.747,239.5,0,350,,,,,,,,,,,,,,,,,,,,,,,,,,,,,,,,,,,,,,,,,,,,,,,,,,,,,,
Well-46,518050.434,3628361.89,308,0,25,,,,,,,,,,,,,,,,,,,,,,,,,,,,,,,,,,,,,,,,,,,,,,,,,,,,,,
Well-47,517946.509,3628300.114,289,0,30,,,,,,,,,,,,,,,,,,,,,,,,,,,,,,,,,,,,,,,,,,,,,,,,,,,,,,
Well-48,517998.527,3628300.208,299,0,18,25,,,,,,,,,,,,,,,,,,,,,,,,,,,,,,,,,,,,,,,,,,,,,,,,,,,,,
Well-49,517894.156,3628484.781,314.6,0,25,,,,,,,,,,,,,,,,,,,,,,,,,,,,,,,,,,,,,,,,,,,,,,,,,,,,,,
Well-50,517842.194,3628453.894,305.9,0,13,21,25,,,,,,,,,,,,,,,,,,,,,,,,,,,,,,,,,,,,,,,,,,,,,,,,,,,,
Well-51,517842.138,3628484.687,305.8,0,25,,,,,,,,,,,,,,,,,,,,,,,,,,,,,,,,,,,,,,,,,,,,,,,,,,,,,,
Well-52,517738.046,3628515.293,295.1,0,30,,,,,,,,,,,,,,,,,,,,,,,,,,,,,,,,,,,,,,,,,,,,,,,,,,,,,,
Well-53,514666.155,3647910.491,140,0,305,340,,,,,,,,,,,,,,,,,,,,,,,,,,,,,,,,,,,,,,,,,,,,,,,,,,,,,
Well-54,524203.813,3643402.535,182.8,0,30,49,136,148,264,277,330,350,,,,,,,,,,,,,,,,,,,,,,,,,,,,,,,,,,,,,,,,,,,,,,,
Well-55,510933.323,3643317.287,220,0,350,,,,,,,,,,,,,,,,,,,,,,,,,,,,,,,,,,,,,,,,,,,,,,,,,,,,,,
Well-56,522588.528,3645646.694,204.8,0,350,,,,,,,,,,,,,,,,,,,,,,,,,,,,,,,,,,,,,,,,,,,,,,,,,,,,,,
Well-57,515115.519,3642645.341,188,0,240,260,350,,,,,,,,,,,,,,,,,,,,,,,,,,,,,,,,,,,,,,,,,,,,,,,,,,,,
Well-58,522790.221,3625723.406,245.6,0,232,244,294,301,343,350,,,,,,,,,,,,,,,,,,,,,,,,,,,,,,,,,,,,,,,,,,,,,,,,,
Well-59,523492.418,3636780.046,197,0,20,49,160,240,350,,,,,,,,,,,,,,,,,,,,,,,,,,,,,,,,,,,,,,,,,,,,,,,,,,
Well-60,523570.453,3636749.437,200,0,20,40,160,240,350,,,,,,,,,,,,,,,,,,,,,,,,,,,,,,,,,,,,,,,,,,,,,,,,,,
Well-61,512496.269,3618961.361,245,0,110,120,180,200,240,280,,,,,,,,,,,,,,,,,,,,,,,,,,,,,,,,,,,,,,,,,,,,,,,,,
Well-62,511306.036,3635342.06,275,0,80,120,350,,,,,,,,,,,,,,,,,,,,,,,,,,,,,,,,,,,,,,,,,,,,,,,,,,,,
Well-63,517358.512,3637290.858,225,0,240,265,350,,,,,,,,,,,,,,,,,,,,,,,,,,,,,,,,,,,,,,,,,,,,,,,,,,,,
Well-64,518328.504,3646684.853,139,0,80,170,340,350,,,,,,,,,,,,,,,,,,,,,,,,,,,,,,,,,,,,,,,,,,,,,,,,,,,
Well-65,517764.166,3628453.753,304,0,4,6,,,,,,,,,,,,,,,,,,,,,,,,,,,,,,,,,,,,,,,,,,,,,,,,,,,,,
Well-66,517867.869,3628638.702,312,0,20,,,,,,,,,,,,,,,,,,,,,,,,,,,,,,,,,,,,,,,,,,,,,,,,,,,,,,
Well-67,518075.938,3628639.08,310,0,22,,,,,,,,,,,,,,,,,,,,,,,,,,,,,,,,,,,,,,,,,,,,,,,,,,,,,,
Well-68,518102.565,3628300.398,314,0,24,,,,,,,,,,,,,,,,,,,,,,,,,,,,,,,,,,,,,,,,,,,,,,,,,,,,,,
Well-69,517946.453,3628330.908,291,0,7,,,,,,,,,,,,,,,,,,,,,,,,,,,,,,,,,,,,,,,,,,,,,,,,,,,,,,
Well-70,517946.062,3628546.462,318,0,15,,,,,,,,,,,,,,,,,,,,,,,,,,,,,,,,,,,,,,,,,,,,,,,,,,,,,,
Well-71,517894.1,3628515.574,313,0,27,,,,,,,,,,,,,,,,,,,,,,,,,,,,,,,,,,,,,,,,,,,,,,,,,,,,,,
Well-72,517920.221,3628454.034,317,0,17,,,,,,,,,,,,,,,,,,,,,,,,,,,,,,,,,,,,,,,,,,,,,,,,,,,,,,
Well-73,517946.286,3628423.288,318,0,20,,,,,,,,,,,,,,,,,,,,,,,,,,,,,,,,,,,,,,,,,,,,,,,,,,,,,,
Well-74,517894.378,3628361.607,315,0,22,,,,,,,,,,,,,,,,,,,,,,,,,,,,,,,,,,,,,,,,,,,,,,,,,,,,,,
Well-75,517946.453,3628330.908,305,0,22,,,,,,,,,,,,,,,,,,,,,,,,,,,,,,,,,,,,,,,,,,,,,,,,,,,,,,
Well-76,517816.406,3628330.673,292,0,28,,,,,,,,,,,,,,,,,,,,,,,,,,,,,,,,,,,,,,,,,,,,,,,,,,,,,,
Well-77,517764.442,3628299.786,310,0,100,,,,,,,,,,,,,,,,,,,,,,,,,,,,,,,,,,,,,,,,,,,,,,,,,,,,,,
Well-78,524905.506,3632903.455,213,0,16,17,26,,,,,,,,,,,,,,,,,,,,,,,,,,,,,,,,,,,,,,,,,,,,,,,,,,,,
Well-79,524931.582,3632872.726,206,0,20,,,,,,,,,,,,,,,,,,,,,,,,,,,,,,,,,,,,,,,,,,,,,,,,,,,,,,
Well-80,524879.663,3632841.802,211,0,23,,,,,,,,,,,,,,,,,,,,,,,,,,,,,,,,,,,,,,,,,,,,,,,,,,,,,,
Well-81,517920.165,3628484.828,300,0,25,,,,,,,,,,,,,,,,,,,,,,,,,,,,,,,,,,,,,,,,,,,,,,,,,,,,,,
Well-82,517920.221,3628454.034,300,0,25,,,,,,,,,,,,,,,,,,,,,,,,,,,,,,,,,,,,,,,,,,,,,,,,,,,,,,
Well-83,517894.489,3628300.02,300,0,30,,,,,,,,,,,,,,,,,,,,,,,,,,,,,,,,,,,,,,,,,,,,,,,,,,,,,,
Well-84,517894.601,3628238.432,300,0,29,,,,,,,,,,,,,,,,,,,,,,,,,,,,,,,,,,,,,,,,,,,,,,,,,,,,,,
Well-85,517894.211,3628453.987,300,0,30,,,,,,,,,,,,,,,,,,,,,,,,,,,,,,,,,,,,,,,,,,,,,,,,,,,,,,
Well-86,517920.332,3628392.447,300,0,29,,,,,,,,,,,,,,,,,,,,,,,,,,,,,,,,,,,,,,,,,,,,,,,,,,,,,,
Well-87,516533.151,3649083.642,172,0,20,26,121,146,218,244,301,324,350,,,,,,,,,,,,,,,,,,,,,,,,,,,,,,,,,,,,,,,,,,,,,,
Well-88,516374.163,3635410.746,143,0,23,46,95,118,211,229,258,300,,,,,,,,,,,,,,,,,,,,,,,,,,,,,,,,,,,,,,,,,,,,,,,
Well-89,511115.53,3642947.96,210,0,30,50,120,138,205,225,300,320,350,,,,,,,,,,,,,,,,,,,,,,,,,,,,,,,,,,,,,,,,,,,,,,
Well-90,521072.713,3638129.526,210,0,312,322,350,,,,,,,,,,,,,,,,,,,,,,,,,,,,,,,,,,,,,,,,,,,,,,,,,,,,
Well-91,512227.772,3625581.579,353,0,70,80,190,210,320,350,,,,,,,,,,,,,,,,,,,,,,,,,,,,,,,,,,,,,,,,,,,,,,,,,
Well-92,515451.041,3627372.101,302,0,10,40,170,195,260,270,350,,,,,,,,,,,,,,,,,,,,,,,,,,,,,,,,,,,,,,,,,,,,,,,,
Well-93,513574.864,3648678.786,145,0,30,45,110,128,211,230,310,325,350,,,,,,,,,,,,,,,,,,,,,,,,,,,,,,,,,,,,,,,,,,,,,,
Well-94,512696.425,3625305.027,310,0,350,,,,,,,,,,,,,,,,,,,,,,,,,,,,,,,,,,,,,,,,,,,,,,,,,,,,,,
Well-95,518023.921,3628638.985,315,0,25,,,,,,,,,,,,,,,,,,,,,,,,,,,,,,,,,,,,,,,,,,,,,,,,,,,,,,
Well-96,518102.227,3628485.159,320,0,25,,,,,,,,,,,,,,,,,,,,,,,,,,,,,,,,,,,,,,,,,,,,,,,,,,,,,,
Well-97,517842.637,3628207.546,282,0,25,,,,,,,,,,,,,,,,,,,,,,,,,,,,,,,,,,,,,,,,,,,,,,,,,,,,,,
Well-98,517790.065,3628515.386,295,0,25,,,,,,,,,,,,,,,,,,,,,,,,,,,,,,,,,,,,,,,,,,,,,,,,,,,,,,
Well-99,517868.535,3628269.179,295,0,24,,,,,,,,,,,,,,,,,,,,,,,,,,,,,,,,,,,,,,,,,,,,,,,,,,,,,,
Well-100,517868.369,3628361.56,298,0,30,,,,,,,,,,,,,,,,,,,,,,,,,,,,,,,,,,,,,,,,,,,,,,,,,,,,,,
Well-101,517816.129,3628484.641,317,0,27,,,,,,,,,,,,,,,,,,,,,,,,,,,,,,,,,,,,,,,,,,,,,,,,,,,,,,
Well-102,517842.194,3628453.894,300,0,30,,,,,,,,,,,,,,,,,,,,,,,,,,,,,,,,,,,,,,,,,,,,,,,,,,,,,,
Well-103,521337.007,3636066.891,235,0,350,,,,,,,,,,,,,,,,,,,,,,,,,,,,,,,,,,,,,,,,,,,,,,,,,,,,,,
Well-104,514881.784,3625369.653,287,0,60,70,160,190,300,320,350,,,,,,,,,,,,,,,,,,,,,,,,,,,,,,,,,,,,,,,,,,,,,,,,
Well-105,511890.848,3624503.4,292,0,70,95,180,200,350,,,,,,,,,,,,,,,,,,,,,,,,,,,,,,,,,,,,,,,,,,,,,,,,,,
Well-106,512226.784,3626382.207,340,0,70,100,240,260,350,,,,,,,,,,,,,,,,,,,,,,,,,,,,,,,,,,,,,,,,,,,,,,,,,,
Well-107,522945.489,3648449.825,218,0,0,60,170,210,290,350,,,,,,,,,,,,,,,,,,,,,,,,,,,,,,,,,,,,,,,,,,,,,,,,,
Well-108,515968.25,3629251.329,330,0,30,40,190,210,350,,,,,,,,,,,,,,,,,,,,,,,,,,,,,,,,,,,,,,,,,,,,,,,,,,
Well-109,513241.265,3626445.096,315,0,30,60,210,270,350,,,,,,,,,,,,,,,,,,,,,,,,,,,,,,,,,,,,,,,,,,,,,,,,,,
Well-110,519323.361,3642437.133,300,0,320,340,350,,,,,,,,,,,,,,,,,,,,,,,,,,,,,,,,,,,,,,,,,,,,,,,,,,,,
Well-111,517788.184,3629562.368,234,0,70,100,260,290,350,,,,,,,,,,,,,,,,,,,,,,,,,,,,,,,,,,,,,,,,,,,,,,,,,,
Well-112,520187.252,3639113.088,193,0,0,60,130,155,270,285,350,,,,,,,,,,,,,,,,,,,,,,,,,,,,,,,,,,,,,,,,,,,,,,,,
Well-113,512171.69,3628876.412,331,0,180,205,310,350,,,,,,,,,,,,,,,,,,,,,,,,,,,,,,,,,,,,,,,,,,,,,,,,,,,
Well-114,515118.541,3640674.52,225,0,110,175,270,340,350,,,,,,,,,,,,,,,,,,,,,,,,,,,,,,,,,,,,,,,,,,,,,,,,,,
Well-115,513342.793,3628323.637,315,0,87,108,194,211,350,,,,,,,,,,,,,,,,,,,,,,,,,,,,,,,,,,,,,,,,,,,,,,,,,,
Well-116,521268.179,3631817.179,155,0,350,,,,,,,,,,,,,,,,,,,,,,,,,,,,,,,,,,,,,,,,,,,,,,,,,,,,,,
Well-117,513002.002,3630355.56,286,0,70,105,160,200,270,305,345,350,,,,,,,,,,,,,,,,,,,,,,,,,,,,,,,,,,,,,,,,,,,,,,,
Well-118,515573.022,3648958.897,126,0,45,70,180,210,330,350,,,,,,,,,,,,,,,,,,,,,,,,,,,,,,,,,,,,,,,,,,,,,,,,,
Well-119,510128.941,3617234.256,242,0,40,70,155,160,230,250,310,340,350,,,,,,,,,,,,,,,,,,,,,,,,,,,,,,,,,,,,,,,,,,,,,,
Well-120,518083.463,3638739.48,230,0,35,50,182,200,270,295,350,,,,,,,,,,,,,,,,,,,,,,,,,,,,,,,,,,,,,,,,,,,,,,,,
Well-121,516185.867,3639290.479,220,0,35,50,180,200,275,285,350,,,,,,,,,,,,,,,,,,,,,,,,,,,,,,,,,,,,,,,,,,,,,,,,
Well-122,525317.681,3634382.615,220,0,30,45,140,155,230,250,350,,,,,,,,,,,,,,,,,,,,,,,,,,,,,,,,,,,,,,,,,,,,,,,,
Well-123,522595.108,3631419.8,171,0,30,45,175,185,260,275,320,340,350,,,,,,,,,,,,,,,,,,,,,,,,,,,,,,,,,,,,,,,,,,,,,,
Well-124,517790.396,3628330.626,289,0,5,14,20,24,,,,,,,,,,,,,,,,,,,,,,,,,,,,,,,,,,,,,,,,,,,,,,,,,,,
Well-125,521906.62,3625290.304,290,0,350,,,,,,,,,,,,,,,,,,,,,,,,,,,,,,,,,,,,,,,,,,,,,,,,,,,,,,
Well-126,521854.585,3625290.189,290,0,37,63,196,231,350,,,,,,,,,,,,,,,,,,,,,,,,,,,,,,,,,,,,,,,,,,,,,,,,,,
Well-127,510741.189,3628936.344,320,0,350,,,,,,,,,,,,,,,,,,,,,,,,,,,,,,,,,,,,,,,,,,,,,,,,,,,,,,
Well-128,538812.332,3620137.877,186.3,0,80,120,206,226,276,321,350,,,,,,,,,,,,,,,,,,,,,,,,,,,,,,,,,,,,,,,,,,,,,,,,
Well-129,531160.411,3619710.61,240,0,350,,,,,,,,,,,,,,,,,,,,,,,,,,,,,,,,,,,,,,,,,,,,,,,,,,,,,,
Well-130,525499.164,3624467.463,230,0,85,120,350,,,,,,,,,,,,,,,,,,,,,,,,,,,,,,,,,,,,,,,,,,,,,,,,,,,,
Well-131,532468.46,3617744.009,152,0,200,350,,,,,,,,,,,,,,,,,,,,,,,,,,,,,,,,,,,,,,,,,,,,,,,,,,,,,
Well-132,531533.165,3617094.336,127,0,350,,,,,,,,,,,,,,,,,,,,,,,,,,,,,,,,,,,,,,,,,,,,,,,,,,,,,,
Well-133,526425.009,3618773.084,150,0,335,350,,,,,,,,,,,,,,,,,,,,,,,,,,,,,,,,,,,,,,,,,,,,,,,,,,,,,
Well-134,526641.618,3615663.535,180,0,140,175,230,235,350,,,,,,,,,,,,,,,,,,,,,,,,,,,,,,,,,,,,,,,,,,,,,,,,,,
Well-135,537422.869,3615821.422,180,0,40,60,195,200,320,350,,,,,,,,,,,,,,,,,,,,,,,,,,,,,,,,,,,,,,,,,,,,,,,,,
Well-136,539153.304,3612871.893,150,0,350,,,,,,,,,,,,,,,,,,,,,,,,,,,,,,,,,,,,,,,,,,,,,,,,,,,,,,
Well-137,536552.37,3618835.967,145,0,41,56,230,240,255,260,272,283,298,314,325,,,,,,,,,,,,,,,,,,,,,,,,,,,,,,,,,,,,,,,,,,,,
Well-138,585777.334,3616983.151,80,0,20,60,,,,,,,,,,,,,,,,,,,,,,,,,,,,,,,,,,,,,,,,,,,,,,,,,,,,,
Well-139,584766.444,3616420.141,85,0,17,70,324,350,,,,,,,,,,,,,,,,,,,,,,,,,,,,,,,,,,,,,,,,,,,,,,,,,,,
Well-140,581915.934,3614671.657,80,0,46,92,350,,,,,,,,,,,,,,,,,,,,,,,,,,,,,,,,,,,,,,,,,,,,,,,,,,,,
Well-141,583065.868,3614219.239,75,0,30,59,278,307,350,,,,,,,,,,,,,,,,,,,,,,,,,,,,,,,,,,,,,,,,,,,,,,,,,,
Well-142,586213.095,3617787.639,80,0,10,,,,,,,,,,,,,,,,,,,,,,,,,,,,,,,,,,,,,,,,,,,,,,,,,,,,,,
Well-143,586213.095,3617787.639,80,0,10,,,,,,,,,,,,,,,,,,,,,,,,,,,,,,,,,,,,,,,,,,,,,,,,,,,,,,
Well-144,586265.174,3617788.09,83,0,20,,,,,,,,,,,,,,,,,,,,,,,,,,,,,,,,,,,,,,,,,,,,,,,,,,,,,,
Well-145,586265.174,3617788.09,83,0,20,,,,,,,,,,,,,,,,,,,,,,,,,,,,,,,,,,,,,,,,,,,,,,,,,,,,,,
Well-146,586265.174,3617788.09,83,0,18,,,,,,,,,,,,,,,,,,,,,,,,,,,,,,,,,,,,,,,,,,,,,,,,,,,,,,
Well-147,586265.174,3617788.09,83,0,20,,,,,,,,,,,,,,,,,,,,,,,,,,,,,,,,,,,,,,,,,,,,,,,,,,,,,,
Well-148,585929.058,3617508.008,80,0,33,39,,,,,,,,,,,,,,,,,,,,,,,,,,,,,,,,,,,,,,,,,,,,,,,,,,,,,
Well-149,585927.462,3617692.776,80,0,35,44,,,,,,,,,,,,,,,,,,,,,,,,,,,,,,,,,,,,,,,,,,,,,,,,,,,,,
Well-150,585980.872,3617539.253,80,0,38,42,,,,,,,,,,,,,,,,,,,,,,,,,,,,,,,,,,,,,,,,,,,,,,,,,,,,,
Well-151,586078.899,3618248.43,83,0,15,35,41,75,350,,,,,,,,,,,,,,,,,,,,,,,,,,,,,,,,,,,,,,,,,,,,,,,,,,
Well-152,582899.317,3615449.711,80,0,30,70,,,,,,,,,,,,,,,,,,,,,,,,,,,,,,,,,,,,,,,,,,,,,,,,,,,,,
Well-153,586309.231,3618712.383,85,0,25,,,,,,,,,,,,,,,,,,,,,,,,,,,,,,,,,,,,,,,,,,,,,,,,,,,,,,
Well-154,586362.375,3618589.657,85,0,25,,,,,,,,,,,,,,,,,,,,,,,,,,,,,,,,,,,,,,,,,,,,,,,,,,,,,,
Well-155,586362.375,3618589.657,85,0,13,,,,,,,,,,,,,,,,,,,,,,,,,,,,,,,,,,,,,,,,,,,,,,,,,,,,,,
Well-156,586413.914,3618651.698,86,0,15,,,,,,,,,,,,,,,,,,,,,,,,,,,,,,,,,,,,,,,,,,,,,,,,,,,,,,
Well-157,586305.754,3619112.714,83,0,20,,,,,,,,,,,,,,,,,,,,,,,,,,,,,,,,,,,,,,,,,,,,,,,,,,,,,,
Well-158,585375.735,3615224.278,80,0,38,46,55,60,81,,,,,,,,,,,,,,,,,,,,,,,,,,,,,,,,,,,,,,,,,,,,,,,,,,
Well-159,586308.428,3618804.766,86,0,30,,,,,,,,,,,,,,,,,,,,,,,,,,,,,,,,,,,,,,,,,,,,,,,,,,,,,,
Well-160,585668.658,3617505.761,85,0,38,,,,,,,,,,,,,,,,,,,,,,,,,,,,,,,,,,,,,,,,,,,,,,,,,,,,,,
Well-161,585823.038,3617722.671,89,0,38,,,,,,,,,,,,,,,,,,,,,,,,,,,,,,,,,,,,,,,,,,,,,,,,,,,,,,
Well-162,585641.557,3617628.716,90,0,38,,,,,,,,,,,,,,,,,,,,,,,,,,,,,,,,,,,,,,,,,,,,,,,,,,,,,,
Well-163,586302.295,3613507.649,75,0,26,41,350,,,,,,,,,,,,,,,,,,,,,,,,,,,,,,,,,,,,,,,,,,,,,,,,,,,,
Well-164,585693.902,3617598.369,90,0,30,,,,,,,,,,,,,,,,,,,,,,,,,,,,,,,,,,,,,,,,,,,,,,,,,,,,,,
Well-165,585744.653,3617752.792,90,0,30,,,,,,,,,,,,,,,,,,,,,,,,,,,,,,,,,,,,,,,,,,,,,,,,,,,,,,
Well-166,574687.93,3616339.359,160,0,14,28,280,298,350,,,,,,,,,,,,,,,,,,,,,,,,,,,,,,,,,,,,,,,,,,,,,,,,,,
Well-167,531038.444,3641974.347,200,0,0,20,196,228,350,,,,,,,,,,,,,,,,,,,,,,,,,,,,,,,,,,,,,,,,,,,,,,,,,,
Well-168,531038.444,3641974.347,200,0,0,20,190,228,312,,,,,,,,,,,,,,,,,,,,,,,,,,,,,,,,,,,,,,,,,,,,,,,,,,
Well-169,556438.227,3615172.056,250,0,10,30,31,60,70,130,150,200,300,350,,,,,,,,,,,,,,,,,,,,,,,,,,,,,,,,,,,,,,,,,,,,,
Well-170,574687.93,3616339.359,160,0,14,28,280,298,350,,,,,,,,,,,,,,,,,,,,,,,,,,,,,,,,,,,,,,,,,,,,,,,,,,
Well-171,535707.134,3643807.041,200,0,17,95,350,,,,,,,,,,,,,,,,,,,,,,,,,,,,,,,,,,,,,,,,,,,,,,,,,,,,
Well-172,536196.773,3630659.557,200,0,295,320,350,,,,,,,,,,,,,,,,,,,,,,,,,,,,,,,,,,,,,,,,,,,,,,,,,,,,
Well-173,547731.391,3627598.197,200,0,4,14,350,,,,,,,,,,,,,,,,,,,,,,,,,,,,,,,,,,,,,,,,,,,,,,,,,,,,
Well-174,537548.925,3651143.113,200,0,21,101,350,,,,,,,,,,,,,,,,,,,,,,,,,,,,,,,,,,,,,,,,,,,,,,,,,,,,
Well-175,555539.57,3645315.485,225,0,0,2,8,30,106,140,150,220,230,340,350,,,,,,,,,,,,,,,,,,,,,,,,,,,,,,,,,,,,,,,,,,,,
Well-176,559282.037,3609984.3,200,0,350,,,,,,,,,,,,,,,,,,,,,,,,,,,,,,,,,,,,,,,,,,,,,,,,,,,,,,
Well-177,559954.557,3610819.776,142,0,190,290,350,,,,,,,,,,,,,,,,,,,,,,,,,,,,,,,,,,,,,,,,,,,,,,,,,,,,
Well-178,556096.084,3634201.412,240,0,165,225,350,,,,,,,,,,,,,,,,,,,,,,,,,,,,,,,,,,,,,,,,,,,,,,,,,,,,
Well-179,541707.804,3643399.486,160,0,0,33,230,238,314,327,350,,,,,,,,,,,,,,,,,,,,,,,,,,,,,,,,,,,,,,,,,,,,,,,,
Well-180,568434.944,3609119.08,170,0,0,350,,,,,,,,,,,,,,,,,,,,,,,,,,,,,,,,,,,,,,,,,,,,,,,,,,,,,
Well-181,559123.385,3627875.193,185,0,20,40,350,,,,,,,,,,,,,,,,,,,,,,,,,,,,,,,,,,,,,,,,,,,,,,,,,,,,
Well-182,527766.095,3632603.132,200,0,56,67,123,164,236,251,286,341,350,,,,,,,,,,,,,,,,,,,,,,,,,,,,,,,,,,,,,,,,,,,,,,
Well-183,539836.741,3650105.08,200,0,28,82,86,,,,,,,,,,,,,,,,,,,,,,,,,,,,,,,,,,,,,,,,,,,,,,,,,,,,
Well-184,539732.558,3650197.043,200,0,30,91,,,,,,,,,,,,,,,,,,,,,,,,,,,,,,,,,,,,,,,,,,,,,,,,,,,,,
Well-185,576285.253,3635506.874,130,0,70,75,80,87,89,92,151,155,156,160,350,,,,,,,,,,,,,,,,,,,,,,,,,,,,,,,,,,,,,,,,,,,,
Well-186,559859.848,3630835.976,200,0,350,,,,,,,,,,,,,,,,,,,,,,,,,,,,,,,,,,,,,,,,,,,,,,,,,,,,,,
Well-187,583439.747,3619334.61,130,0,7,38,350,,,,,,,,,,,,,,,,,,,,,,,,,,,,,,,,,,,,,,,,,,,,,,,,,,,,
Well-188,557485.727,3627680.785,220,0,16,25,350,,,,,,,,,,,,,,,,,,,,,,,,,,,,,,,,,,,,,,,,,,,,,,,,,,,,
Well-189,530821.991,3628085.458,200,0,320,350,,,,,,,,,,,,,,,,,,,,,,,,,,,,,,,,,,,,,,,,,,,,,,,,,,,,,
Well-190,528469.645,3632050.839,340,0,350,,,,,,,,,,,,,,,,,,,,,,,,,,,,,,,,,,,,,,,,,,,,,,,,,,,,,,
Well-191,547430.89,3641423.677,185,0,0,98,170,180,290,318,350,,,,,,,,,,,,,,,,,,,,,,,,,,,,,,,,,,,,,,,,,,,,,,,,
Well-192,568650.969,3641856.545,220,0,120,126,345,348,350,,,,,,,,,,,,,,,,,,,,,,,,,,,,,,,,,,,,,,,,,,,,,,,,,,
Well-193,528636.33,3628356.044,205,0,350,,,,,,,,,,,,,,,,,,,,,,,,,,,,,,,,,,,,,,,,,,,,,,,,,,,,,,
Well-194,544608.242,3645229.106,210,0,15,60,86,110,112,,,,,,,,,,,,,,,,,,,,,,,,,,,,,,,,,,,,,,,,,,,,,,,,,,
Well-195,544608.242,3645229.106,210,0,15,60,86,110,112,,,,,,,,,,,,,,,,,,,,,,,,,,,,,,,,,,,,,,,,,,,,,,,,,,
Well-196,544303.027,3643811.149,210,0,80,116,,,,,,,,,,,,,,,,,,,,,,,,,,,,,,,,,,,,,,,,,,,,,,,,,,,,,
Well-197,561370.768,3613569.129,170,0,40,50,105,160,240,300,350,,,,,,,,,,,,,,,,,,,,,,,,,,,,,,,,,,,,,,,,,,,,,,,,
Well-198,560504.334,3648701.528,195,0,0,7,12,15,71,76,80,85,350,,,,,,,,,,,,,,,,,,,,,,,,,,,,,,,,,,,,,,,,,,,,,,
Well-199,538980.92,3649947.673,180,0,16,50,,,,,,,,,,,,,,,,,,,,,,,,,,,,,,,,,,,,,,,,,,,,,,,,,,,,,
Well-200,538981.042,3649916.878,180,0,17,52,,,,,,,,,,,,,,,,,,,,,,,,,,,,,,,,,,,,,,,,,,,,,,,,,,,,,
Well-201,538390.337,3641661.49,140,0,105,117,135,147,154,165,180,,,,,,,,,,,,,,,,,,,,,,,,,,,,,,,,,,,,,,,,,,,,,,,,
Well-202,538747.223,3649977.545,180,0,18,70,,,,,,,,,,,,,,,,,,,,,,,,,,,,,,,,,,,,,,,,,,,,,,,,,,,,,
Well-203,530908.576,3641973.939,200,0,16,33,159,170,184,197,218,227,299,308,327,343,350,,,,,,,,,,,,,,,,,,,,,,,,,,,,,,,,,,,,,,,,,,
Well-204,530908.576,3641973.939,200,0,16,33,159,170,184,197,203,,,,,,,,,,,,,,,,,,,,,,,,,,,,,,,,,,,,,,,,,,,,,,,,
Well-205,541523.392,3650173.65,240,0,18,25,40,120,,,,,,,,,,,,,,,,,,,,,,,,,,,,,,,,,,,,,,,,,,,,,,,,,,,
Well-206,541523.652,3650112.06,240,0,17,30,45,120,125,,,,,,,,,,,,,,,,,,,,,,,,,,,,,,,,,,,,,,,,,,,,,,,,,,
Well-207,541832.163,3644693.406,200,0,338,350,,,,,,,,,,,,,,,,,,,,,,,,,,,,,,,,,,,,,,,,,,,,,,,,,,,,,
Well-208,547391.068,3638898.28,190,0,10,22,28,59,350,,,,,,,,,,,,,,,,,,,,,,,,,,,,,,,,,,,,,,,,,,,,,,,,,,
Well-209,546057.602,3618321.178,240,0,300,321,350,,,,,,,,,,,,,,,,,,,,,,,,,,,,,,,,,,,,,,,,,,,,,,,,,,,,
Well-210,560877.059,3609100.871,230,0,32,46,90,100,350,,,,,,,,,,,,,,,,,,,,,,,,,,,,,,,,,,,,,,,,,,,,,,,,,,
Well-211,544607.963,3645290.696,220,0,12,62,350,,,,,,,,,,,,,,,,,,,,,,,,,,,,,,,,,,,,,,,,,,,,,,,,,,,,
Well-212,526127.743,3652368.701,173,0,8,29,287,350,,,,,,,,,,,,,,,,,,,,,,,,,,,,,,,,,,,,,,,,,,,,,,,,,,,
Well-213,533139.727,3642751.052,110,0,16,28,95,132,260,286,321,350,,,,,,,,,,,,,,,,,,,,,,,,,,,,,,,,,,,,,,,,,,,,,,,
Well-214,544335.646,3642333.127,220,0,0,120,350,,,,,,,,,,,,,,,,,,,,,,,,,,,,,,,,,,,,,,,,,,,,,,,,,,,,
Well-215,540673.843,3648507.154,215,0,0,90,220,240,350,,,,,,,,,,,,,,,,,,,,,,,,,,,,,,,,,,,,,,,,,,,,,,,,,,
Well-216,537394.282,3650865.366,240,0,25,125,350,,,,,,,,,,,,,,,,,,,,,,,,,,,,,,,,,,,,,,,,,,,,,,,,,,,,
Well-217,540602.752,3640561.736,210,0,0,100,350,,,,,,,,,,,,,,,,,,,,,,,,,,,,,,,,,,,,,,,,,,,,,,,,,,,,
Well-218,555751.928,3626069.534,160,0,350,,,,,,,,,,,,,,,,,,,,,,,,,,,,,,,,,,,,,,,,,,,,,,,,,,,,,,
Well-219,560864.346,3623943.935,160,0,50,60,350,,,,,,,,,,,,,,,,,,,,,,,,,,,,,,,,,,,,,,,,,,,,,,,,,,,,
Well-220,555005.905,3610421.702,245,0,15,20,65,75,130,154,300,350,,,,,,,,,,,,,,,,,,,,,,,,,,,,,,,,,,,,,,,,,,,,,,,
Well-221,570244.074,3622342.939,190,0,20,40,265,280,350,,,,,,,,,,,,,,,,,,,,,,,,,,,,,,,,,,,,,,,,,,,,,,,,,,
Well-222,527276.725,3649723.468,200,0,20,32,200,222,284,350,,,,,,,,,,,,,,,,,,,,,,,,,,,,,,,,,,,,,,,,,,,,,,,,,
Well-223,552781.235,3631842.726,200,0,350,,,,,,,,,,,,,,,,,,,,,,,,,,,,,,,,,,,,,,,,,,,,,,,,,,,,,,
Well-224,552001.045,3631869.39,180,0,160,175,350,,,,,,,,,,,,,,,,,,,,,,,,,,,,,,,,,,,,,,,,,,,,,,,,,,,,
Well-225,586376.634,3619944.849,100,0,60,90,,,,,,,,,,,,,,,,,,,,,,,,,,,,,,,,,,,,,,,,,,,,,,,,,,,,,
Well-226,566753.217,3611170.946,160,0,200,215,278,301,350,,,,,,,,,,,,,,,,,,,,,,,,,,,,,,,,,,,,,,,,,,,,,,,,,,
Well-227,536379.59,3630444.668,88,0,246,261,326,350,,,,,,,,,,,,,,,,,,,,,,,,,,,,,,,,,,,,,,,,,,,,,,,,,,,
Well-228,551528.889,3617639.764,200,0,15,40,180,240,350,,,,,,,,,,,,,,,,,,,,,,,,,,,,,,,,,,,,,,,,,,,,,,,,,,
Well-229,553125.608,3616077.651,190,0,60,120,350,,,,,,,,,,,,,,,,,,,,,,,,,,,,,,,,,,,,,,,,,,,,,,,,,,,,
Well-230,572747.709,3639360.58,160,0,350,,,,,,,,,,,,,,,,,,,,,,,,,,,,,,,,,,,,,,,,,,,,,,,,,,,,,,
Well-231,542882.091,3642111.132,170,0,350,,,,,,,,,,,,,,,,,,,,,,,,,,,,,,,,,,,,,,,,,,,,,,,,,,,,,,
Well-232,576081.032,3618074.496,150,0,350,,,,,,,,,,,,,,,,,,,,,,,,,,,,,,,,,,,,,,,,,,,,,,,,,,,,,,
Well-233,576081.032,3618074.496,150,0,350,,,,,,,,,,,,,,,,,,,,,,,,,,,,,,,,,,,,,,,,,,,,,,,,,,,,,,
Well-234,536035.143,3632198.681,236,0,235,248,282,287,293,322,350,,,,,,,,,,,,,,,,,,,,,,,,,,,,,,,,,,,,,,,,,,,,,,,,
Well-235,530673.715,3650657.325,143,0,112,187,209,223,350,,,,,,,,,,,,,,,,,,,,,,,,,,,,,,,,,,,,,,,,,,,,,,,,,,
Well-236,563973.639,3630061.023,110,0,90,105,225,240,285,310,335,350,,,,,,,,,,,,,,,,,,,,,,,,,,,,,,,,,,,,,,,,,,,,,,,
Well-237,535528.082,3628593.924,220,0,21,30,62,71,350,,,,,,,,,,,,,,,,,,,,,,,,,,,,,,,,,,,,,,,,,,,,,,,,,,
Well-238,558796.801,3630306.082,200,0,175,195,235,250,320,340,350,,,,,,,,,,,,,,,,,,,,,,,,,,,,,,,,,,,,,,,,,,,,,,,,
Well-239,547124.357,3618480.149,200,0,310,320,350,,,,,,,,,,,,,,,,,,,,,,,,,,,,,,,,,,,,,,,,,,,,,,,,,,,,
Well-240,541245.967,3629601.505,224,0,350,,,,,,,,,,,,,,,,,,,,,,,,,,,,,,,,,,,,,,,,,,,,,,,,,,,,,,
Well-241,525799.571,3638972.193,133,0,0,2,90,120,350,,,,,,,,,,,,,,,,,,,,,,,,,,,,,,,,,,,,,,,,,,,,,,,,,,
Well-242,555195.295,3609160.185,220,0,20,40,98,112,350,,,,,,,,,,,,,,,,,,,,,,,,,,,,,,,,,,,,,,,,,,,,,,,,,,
Well-243,574137.512,3651474.207,100,0,0,4,10,36,,,,,,,,,,,,,,,,,,,,,,,,,,,,,,,,,,,,,,,,,,,,,,,,,,,
Well-244,531216.871,3634830.604,200,0,350,,,,,,,,,,,,,,,,,,,,,,,,,,,,,,,,,,,,,,,,,,,,,,,,,,,,,,
Well-245,549927.968,3630472.94,100,0,95,130,210,240,260,320,,,,,,,,,,,,,,,,,,,,,,,,,,,,,,,,,,,,,,,,,,,,,,,,,
Well-246,558355.423,3621342.078,90,0,350,,,,,,,,,,,,,,,,,,,,,,,,,,,,,,,,,,,,,,,,,,,,,,,,,,,,,,
Well-247,557963.733,3621555.349,150,0,10,17,80,93,350,,,,,,,,,,,,,,,,,,,,,,,,,,,,,,,,,,,,,,,,,,,,,,,,,,
Well-248,552882.842,3622543.211,175,0,66,81,188,201,350,,,,,,,,,,,,,,,,,,,,,,,,,,,,,,,,,,,,,,,,,,,,,,,,,,
Well-249,567604.695,3612408.493,140,0,350,,,,,,,,,,,,,,,,,,,,,,,,,,,,,,,,,,,,,,,,,,,,,,,,,,,,,,
Well-250,536750.734,3628536.797,220,0,280,320,350,,,,,,,,,,,,,,,,,,,,,,,,,,,,,,,,,,,,,,,,,,,,,,,,,,,,
Well-251,557985.561,3608868.076,190,0,0,3,13,19,34,,,,,,,,,,,,,,,,,,,,,,,,,,,,,,,,,,,,,,,,,,,,,,,,,,
Well-252,546265.318,3618445.319,230,0,185,210,320,325,340,345,350,,,,,,,,,,,,,,,,,,,,,,,,,,,,,,,,,,,,,,,,,,,,,,,,
Well-253,579119.545,3645107.134,96,0,20,35,295,310,350,,,,,,,,,,,,,,,,,,,,,,,,,,,,,,,,,,,,,,,,,,,,,,,,,,
Well-254,534044.828,3628804.273,223,0,84,126,248,266,350,,,,,,,,,,,,,,,,,,,,,,,,,,,,,,,,,,,,,,,,,,,,,,,,,,
Well-255,559392.685,3613279.981,205,0,1,9,29,,,,,,,,,,,,,,,,,,,,,,,,,,,,,,,,,,,,,,,,,,,,,,,,,,,,
Well-256,559392.685,3613279.981,205,0,1,9,28,,,,,,,,,,,,,,,,,,,,,,,,,,,,,,,,,,,,,,,,,,,,,,,,,,,,
Well-257,559392.685,3613279.981,205,0,1,9,29,,,,,,,,,,,,,,,,,,,,,,,,,,,,,,,,,,,,,,,,,,,,,,,,,,,,
Well-258,559392.685,3613279.981,205,0,1,9,30,,,,,,,,,,,,,,,,,,,,,,,,,,,,,,,,,,,,,,,,,,,,,,,,,,,,
Well-259,548842.875,3618457.651,147,0,66,93,188,211,344,350,,,,,,,,,,,,,,,,,,,,,,,,,,,,,,,,,,,,,,,,,,,,,,,,,
Well-260,583496.991,3618719.156,110,0,19,21,24,34,,,,,,,,,,,,,,,,,,,,,,,,,,,,,,,,,,,,,,,,,,,,,,,,,,,
Well-261,583496.991,3618719.156,110,0,20,21,24,32,,,,,,,,,,,,,,,,,,,,,,,,,,,,,,,,,,,,,,,,,,,,,,,,,,,
Well-262,583496.991,3618719.156,110,0,20,21,24,32,,,,,,,,,,,,,,,,,,,,,,,,,,,,,,,,,,,,,,,,,,,,,,,,,,,
Well-263,537168.96,3627984.062,228,0,105,147,350,,,,,,,,,,,,,,,,,,,,,,,,,,,,,,,,,,,,,,,,,,,,,,,,,,,,
Well-264,559393.236,3613187.599,210,0,20,,,,,,,,,,,,,,,,,,,,,,,,,,,,,,,,,,,,,,,,,,,,,,,,,,,,,,
Well-265,559393.236,3613187.599,210,0,20,,,,,,,,,,,,,,,,,,,,,,,,,,,,,,,,,,,,,,,,,,,,,,,,,,,,,,
Well-266,559393.236,3613187.599,210,0,15,,,,,,,,,,,,,,,,,,,,,,,,,,,,,,,,,,,,,,,,,,,,,,,,,,,,,,
Well-267,559393.236,3613187.599,210,0,24,,,,,,,,,,,,,,,,,,,,,,,,,,,,,,,,,,,,,,,,,,,,,,,,,,,,,,
Well-268,560542.624,3612671.011,200,0,350,,,,,,,,,,,,,,,,,,,,,,,,,,,,,,,,,,,,,,,,,,,,,,,,,,,,,,
Well-269,553976.647,3617621.957,208,0,350,,,,,,,,,,,,,,,,,,,,,,,,,,,,,,,,,,,,,,,,,,,,,,,,,,,,,,
Well-270,557316.671,3611882.062,236,0,320,350,,,,,,,,,,,,,,,,,,,,,,,,,,,,,,,,,,,,,,,,,,,,,,,,,,,,,
Well-271,569901.491,3641341.788,190,0,43,,,,,,,,,,,,,,,,,,,,,,,,,,,,,,,,,,,,,,,,,,,,,,,,,,,,,,
Well-272,569901.273,3641372.582,194,0,53,,,,,,,,,,,,,,,,,,,,,,,,,,,,,,,,,,,,,,,,,,,,,,,,,,,,,,
Well-273,569875.078,3641403.194,192,0,53,,,,,,,,,,,,,,,,,,,,,,,,,,,,,,,,,,,,,,,,,,,,,,,,,,,,,,
Well-274,535510.68,3626191.924,206,0,40,100,350,,,,,,,,,,,,,,,,,,,,,,,,,,,,,,,,,,,,,,,,,,,,,,,,,,,,
Well-275,534893.445,3631547.909,209,0,280,350,,,,,,,,,,,,,,,,,,,,,,,,,,,,,,,,,,,,,,,,,,,,,,,,,,,,,
Well-276,558445.82,3610379.69,231,0,350,,,,,,,,,,,,,,,,,,,,,,,,,,,,,,,,,,,,,,,,,,,,,,,,,,,,,,
Well-277,528556.656,3646893.982,190,0,162,177,185,197,350,,,,,,,,,,,,,,,,,,,,,,,,,,,,,,,,,,,,,,,,,,,,,,,,,,
Well-278,527163.072,3624964.579,210,0,340,350,,,,,,,,,,,,,,,,,,,,,,,,,,,,,,,,,,,,,,,,,,,,,,,,,,,,,
Well-279,556768.853,3625674.97,170,0,3,7,9,,,,,,,,,,,,,,,,,,,,,,,,,,,,,,,,,,,,,,,,,,,,,,,,,,,,
Well-280,556768.853,3625674.97,170,0,3,7,9,,,,,,,,,,,,,,,,,,,,,,,,,,,,,,,,,,,,,,,,,,,,,,,,,,,,
Well-281,556768.853,3625674.97,170,0,3,7,9,,,,,,,,,,,,,,,,,,,,,,,,,,,,,,,,,,,,,,,,,,,,,,,,,,,,
Well-282,556768.853,3625674.97,170,0,3,7,9,,,,,,,,,,,,,,,,,,,,,,,,,,,,,,,,,,,,,,,,,,,,,,,,,,,,
Well-283,561476.106,3613385.01,192,0,150,160,220,225,320,335,350,,,,,,,,,,,,,,,,,,,,,,,,,,,,,,,,,,,,,,,,,,,,,,,,
Well-284,557419.108,3625709.51,120,0,11,,,,,,,,,,,,,,,,,,,,,,,,,,,,,,,,,,,,,,,,,,,,,,,,,,,,,,
Well-285,569889.694,3639339.925,159,0,1,9,,,,,,,,,,,,,,,,,,,,,,,,,,,,,,,,,,,,,,,,,,,,,,,,,,,,,
Well-286,569889.694,3639339.925,159,0,1,8,,,,,,,,,,,,,,,,,,,,,,,,,,,,,,,,,,,,,,,,,,,,,,,,,,,,,
Well-287,569889.694,3639339.925,159,0,1,8,,,,,,,,,,,,,,,,,,,,,,,,,,,,,,,,,,,,,,,,,,,,,,,,,,,,,
Well-288,569889.694,3639339.925,159,0,1,9,,,,,,,,,,,,,,,,,,,,,,,,,,,,,,,,,,,,,,,,,,,,,,,,,,,,,
Well-289,536509.043,3630599.116,200,0,2,11,,,,,,,,,,,,,,,,,,,,,,,,,,,,,,,,,,,,,,,,,,,,,,,,,,,,,
Well-290,536509.043,3630599.116,200,0,2,11,,,,,,,,,,,,,,,,,,,,,,,,,,,,,,,,,,,,,,,,,,,,,,,,,,,,,
Well-291,536509.043,3630599.116,200,0,2,9,,,,,,,,,,,,,,,,,,,,,,,,,,,,,,,,,,,,,,,,,,,,,,,,,,,,,
Well-292,536509.043,3630599.116,200,0,2,9,,,,,,,,,,,,,,,,,,,,,,,,,,,,,,,,,,,,,,,,,,,,,,,,,,,,,
Well-293,568005.368,3622388.94,160,0,13,31,,,,,,,,,,,,,,,,,,,,,,,,,,,,,,,,,,,,,,,,,,,,,,,,,,,,,
Well-294,556834.174,3618808.081,211,0,7,,,,,,,,,,,,,,,,,,,,,,,,,,,,,,,,,,,,,,,,,,,,,,,,,,,,,,
Well-295,556834.174,3618808.081,211,0,10,,,,,,,,,,,,,,,,,,,,,,,,,,,,,,,,,,,,,,,,,,,,,,,,,,,,,,
Well-296,533649.678,3630281.04,195,0,50,,,,,,,,,,,,,,,,,,,,,,,,,,,,,,,,,,,,,,,,,,,,,,,,,,,,,,
Well-297,533649.678,3630281.04,195,0,44,,,,,,,,,,,,,,,,,,,,,,,,,,,,,,,,,,,,,,,,,,,,,,,,,,,,,,
Well-298,556318.805,3636173.587,190,0,40,,,,,,,,,,,,,,,,,,,,,,,,,,,,,,,,,,,,,,,,,,,,,,,,,,,,,,
Well-299,556555.18,3635743.8,185,0,130,,,,,,,,,,,,,,,,,,,,,,,,,,,,,,,,,,,,,,,,,,,,,,,,,,,,,,
Well-300,556529.19,3635743.652,185,0,150,,,,,,,,,,,,,,,,,,,,,,,,,,,,,,,,,,,,,,,,,,,,,,,,,,,,,,
Well-301,556709.888,3635960.256,110,0,131,,,,,,,,,,,,,,,,,,,,,,,,,,,,,,,,,,,,,,,,,,,,,,,,,,,,,,
Well-302,557201.016,3627432.775,180,0,3,13,,,,,,,,,,,,,,,,,,,,,,,,,,,,,,,,,,,,,,,,,,,,,,,,,,,,,
Well-303,557201.016,3627432.775,180,0,3,13,,,,,,,,,,,,,,,,,,,,,,,,,,,,,,,,,,,,,,,,,,,,,,,,,,,,,
Well-304,557201.016,3627432.775,180,0,3,13,,,,,,,,,,,,,,,,,,,,,,,,,,,,,,,,,,,,,,,,,,,,,,,,,,,,,
Well-305,557201.016,3627432.775,180,0,4,13,,,,,,,,,,,,,,,,,,,,,,,,,,,,,,,,,,,,,,,,,,,,,,,,,,,,,
Well-306,557871.662,3610530.312,238,0,350,,,,,,,,,,,,,,,,,,,,,,,,,,,,,,,,,,,,,,,,,,,,,,,,,,,,,,
Well-307,545607.071,3620043.573,160,0,20,35,350,,,,,,,,,,,,,,,,,,,,,,,,,,,,,,,,,,,,,,,,,,,,,,,,,,,,
Well-308,537496.182,3644552.766,205,0,12,43,225,,,,,,,,,,,,,,,,,,,,,,,,,,,,,,,,,,,,,,,,,,,,,,,,,,,,
Well-309,556889.218,3627369.391,149,0,32,,,,,,,,,,,,,,,,,,,,,,,,,,,,,,,,,,,,,,,,,,,,,,,,,,,,,,
Well-310,556915.408,3627338.746,153,0,32,,,,,,,,,,,,,,,,,,,,,,,,,,,,,,,,,,,,,,,,,,,,,,,,,,,,,,
Well-311,556863.381,3627338.447,156,0,30,,,,,,,,,,,,,,,,,,,,,,,,,,,,,,,,,,,,,,,,,,,,,,,,,,,,,,
Well-312,532048.257,3626919.178,224,0,13,,,,,,,,,,,,,,,,,,,,,,,,,,,,,,,,,,,,,,,,,,,,,,,,,,,,,,
Well-313,532074.27,3626919.262,225,0,13,,,,,,,,,,,,,,,,,,,,,,,,,,,,,,,,,,,,,,,,,,,,,,,,,,,,,,
Well-314,532074.569,3626826.882,222,0,13,,,,,,,,,,,,,,,,,,,,,,,,,,,,,,,,,,,,,,,,,,,,,,,,,,,,,,
Well-315,532048.356,3626888.384,217,0,13,,,,,,,,,,,,,,,,,,,,,,,,,,,,,,,,,,,,,,,,,,,,,,,,,,,,,,
Well-316,532100.284,3626919.346,227,0,13,,,,,,,,,,,,,,,,,,,,,,,,,,,,,,,,,,,,,,,,,,,,,,,,,,,,,,
Well-317,532074.071,3626980.85,224,0,13,,,,,,,,,,,,,,,,,,,,,,,,,,,,,,,,,,,,,,,,,,,,,,,,,,,,,,
Well-318,532100.583,3626826.966,226,0,13,,,,,,,,,,,,,,,,,,,,,,,,,,,,,,,,,,,,,,,,,,,,,,,,,,,,,,
Well-319,531944.501,3626826.462,205,0,13,,,,,,,,,,,,,,,,,,,,,,,,,,,,,,,,,,,,,,,,,,,,,,,,,,,,,,
Well-320,531996.231,3626919.01,209,0,13,,,,,,,,,,,,,,,,,,,,,,,,,,,,,,,,,,,,,,,,,,,,,,,,,,,,,,
Well-321,531996.43,3626857.423,212,0,14,,,,,,,,,,,,,,,,,,,,,,,,,,,,,,,,,,,,,,,,,,,,,,,,,,,,,,
Well-322,532126.397,3626888.637,200,0,16,,,,,,,,,,,,,,,,,,,,,,,,,,,,,,,,,,,,,,,,,,,,,,,,,,,,,,
Well-323,532048.356,3626888.384,200,0,16,,,,,,,,,,,,,,,,,,,,,,,,,,,,,,,,,,,,,,,,,,,,,,,,,,,,,,
Well-324,574769.066,3615939.622,160,0,9,20,,,,,,,,,,,,,,,,,,,,,,,,,,,,,,,,,,,,,,,,,,,,,,,,,,,,,
Well-325,574769.066,3615939.622,160,0,8,14,17,,,,,,,,,,,,,,,,,,,,,,,,,,,,,,,,,,,,,,,,,,,,,,,,,,,,
Well-326,574769.066,3615939.622,160,0,0,18,,,,,,,,,,,,,,,,,,,,,,,,,,,,,,,,,,,,,,,,,,,,,,,,,,,,,
Well-327,574769.066,3615939.622,160,0,0,10,20,,,,,,,,,,,,,,,,,,,,,,,,,,,,,,,,,,,,,,,,,,,,,,,,,,,,
Well-328,555792.594,3646487.16,205,0,11,248,292,340,348,,,,,,,,,,,,,,,,,,,,,,,,,,,,,,,,,,,,,,,,,,,,,,,,,,
Well-329,528667.774,3626477.709,215,0,0,22,285,300,307,338,350,,,,,,,,,,,,,,,,,,,,,,,,,,,,,,,,,,,,,,,,,,,,,,,,
Well-330,550698.023,3617173.577,172,0,30,48,124,140,288,306,350,,,,,,,,,,,,,,,,,,,,,,,,,,,,,,,,,,,,,,,,,,,,,,,,
Well-331,543741.817,3641529.803,185,0,12,36,342,350,,,,,,,,,,,,,,,,,,,,,,,,,,,,,,,,,,,,,,,,,,,,,,,,,,,
Well-332,541697.978,3639580.868,200,0,137,157,303,308,324,342,350,,,,,,,,,,,,,,,,,,,,,,,,,,,,,,,,,,,,,,,,,,,,,,,,
Well-333,541698.629,3639426.896,210,0,30,54,152,167,302,327,350,,,,,,,,,,,,,,,,,,,,,,,,,,,,,,,,,,,,,,,,,,,,,,,,
Well-334,533621.477,3630927.621,230,0,0,4,15,20,350,,,,,,,,,,,,,,,,,,,,,,,,,,,,,,,,,,,,,,,,,,,,,,,,,,
Well-335,526931.801,3633463.058,223,0,0,20,80,119,190,205,300,310,350,,,,,,,,,,,,,,,,,,,,,,,,,,,,,,,,,,,,,,,,,,,,,,
Well-336,549978.865,3651198.464,220,0,32,75,76,125,220,234,333,345,350,,,,,,,,,,,,,,,,,,,,,,,,,,,,,,,,,,,,,,,,,,,,,,
Well-337,529753.259,3628852.038,136,0,350,,,,,,,,,,,,,,,,,,,,,,,,,,,,,,,,,,,,,,,,,,,,,,,,,,,,,,
Well-338,528045.524,3634913.478,217,0,0,20,60,80,170,190,340,350,,,,,,,,,,,,,,,,,,,,,,,,,,,,,,,,,,,,,,,,,,,,,,,
Well-339,556268.931,3635803.758,205,0,29,,,,,,,,,,,,,,,,,,,,,,,,,,,,,,,,,,,,,,,,,,,,,,,,,,,,,,
Well-340,556343.39,3636420.091,180,0,13,15,,,,,,,,,,,,,,,,,,,,,,,,,,,,,,,,,,,,,,,,,,,,,,,,,,,,,
Well-341,556629.976,3636298.548,190,0,11,12,24,,,,,,,,,,,,,,,,,,,,,,,,,,,,,,,,,,,,,,,,,,,,,,,,,,,,
Well-342,556838.777,3636145.769,191,0,19,,,,,,,,,,,,,,,,,,,,,,,,,,,,,,,,,,,,,,,,,,,,,,,,,,,,,,
Well-343,556840.371,3635868.619,184,0,19,,,,,,,,,,,,,,,,,,,,,,,,,,,,,,,,,,,,,,,,,,,,,,,,,,,,,,
Well-344,556863.205,3627369.241,151,0,25,,,,,,,,,,,,,,,,,,,,,,,,,,,,,,,,,,,,,,,,,,,,,,,,,,,,,,
Well-345,556863.205,3627369.241,151,0,23,,,,,,,,,,,,,,,,,,,,,,,,,,,,,,,,,,,,,,,,,,,,,,,,,,,,,,
Well-346,556863.205,3627369.241,151,0,22,,,,,,,,,,,,,,,,,,,,,,,,,,,,,,,,,,,,,,,,,,,,,,,,,,,,,,
Well-347,534622.865,3634564.8,170,0,0,3,15,19,49,51,55,,,,,,,,,,,,,,,,,,,,,,,,,,,,,,,,,,,,,,,,,,,,,,,,
Well-348,552179.844,3617643.159,130,0,23,33,45,,,,,,,,,,,,,,,,,,,,,,,,,,,,,,,,,,,,,,,,,,,,,,,,,,,,
Well-349,530751.507,3625652.521,108,0,0,70,190,300,350,,,,,,,,,,,,,,,,,,,,,,,,,,,,,,,,,,,,,,,,,,,,,,,,,,
Well-350,534385.869,3650330.864,200,0,15,25,44,54,60,,,,,,,,,,,,,,,,,,,,,,,,,,,,,,,,,,,,,,,,,,,,,,,,,,
Well-351,576981.868,3619436.463,80,0,30,65,,,,,,,,,,,,,,,,,,,,,,,,,,,,,,,,,,,,,,,,,,,,,,,,,,,,,
Well-352,527938.416,3626814.359,212,0,70,85,230,260,350,,,,,,,,,,,,,,,,,,,,,,,,,,,,,,,,,,,,,,,,,,,,,,,,,,
Well-353,535098.141,3625143.458,120,0,90,110,185,200,230,240,350,,,,,,,,,,,,,,,,,,,,,,,,,,,,,,,,,,,,,,,,,,,,,,,,
Well-354,556318.805,3636173.587,184,0,60,,,,,,,,,,,,,,,,,,,,,,,,,,,,,,,,,,,,,,,,,,,,,,,,,,,,,,
Well-355,556709.888,3635960.256,183,0,60,,,,,,,,,,,,,,,,,,,,,,,,,,,,,,,,,,,,,,,,,,,,,,,,,,,,,,
Well-356,540550.923,3640530.727,210,0,0,100,350,,,,,,,,,,,,,,,,,,,,,,,,,,,,,,,,,,,,,,,,,,,,,,,,,,,,
Well-357,548261.131,3630988.184,130,0,20,38,45,52,,,,,,,,,,,,,,,,,,,,,,,,,,,,,,,,,,,,,,,,,,,,,,,,,,,
Well-358,538065.147,3624908.051,201,0,30,110,190,220,305,340,350,,,,,,,,,,,,,,,,,,,,,,,,,,,,,,,,,,,,,,,,,,,,,,,,
Well-359,574769.066,3615939.622,152,0,13,15,18,,,,,,,,,,,,,,,,,,,,,,,,,,,,,,,,,,,,,,,,,,,,,,,,,,,,
Well-360,541939.681,3649929.053,200,0,0,2,25,110,,,,,,,,,,,,,,,,,,,,,,,,,,,,,,,,,,,,,,,,,,,,,,,,,,,
Well-361,527638.426,3631771.335,202,0,20,40,350,,,,,,,,,,,,,,,,,,,,,,,,,,,,,,,,,,,,,,,,,,,,,,,,,,,,
Well-362,571178.602,3622688.351,170,0,125,150,160,180,350,,,,,,,,,,,,,,,,,,,,,,,,,,,,,,,,,,,,,,,,,,,,,,,,,,
Well-363,570497.777,3623268.613,190,0,30,60,140,160,350,,,,,,,,,,,,,,,,,,,,,,,,,,,,,,,,,,,,,,,,,,,,,,,,,,
Well-364,560293.756,3640693.242,220,0,120,130,225,236,265,275,325,350,,,,,,,,,,,,,,,,,,,,,,,,,,,,,,,,,,,,,,,,,,,,,,,
Well-365,532059.712,3631415.145,220,0,18,,,,,,,,,,,,,,,,,,,,,,,,,,,,,,,,,,,,,,,,,,,,,,,,,,,,,,
Well-366,532059.712,3631415.145,220,0,18,,,,,,,,,,,,,,,,,,,,,,,,,,,,,,,,,,,,,,,,,,,,,,,,,,,,,,
Well-367,532059.712,3631415.145,220,0,14,,,,,,,,,,,,,,,,,,,,,,,,,,,,,,,,,,,,,,,,,,,,,,,,,,,,,,
Well-368,555871.592,3627917.912,182.1,0,15,35,120,,,,,,,,,,,,,,,,,,,,,,,,,,,,,,,,,,,,,,,,,,,,,,,,,,,,
Well-369,543230.526,3627762.303,210,0,10,14,350,,,,,,,,,,,,,,,,,,,,,,,,,,,,,,,,,,,,,,,,,,,,,,,,,,,,
Well-370,559185.388,3639239.124,150,0,60,83,350,,,,,,,,,,,,,,,,,,,,,,,,,,,,,,,,,,,,,,,,,,,,,,,,,,,,
Well-371,570426.741,3640544.811,125,0,2,7,13,,,,,,,,,,,,,,,,,,,,,,,,,,,,,,,,,,,,,,,,,,,,,,,,,,,,
Well-372,570426.741,3640544.811,125,0,2,6,10,13,,,,,,,,,,,,,,,,,,,,,,,,,,,,,,,,,,,,,,,,,,,,,,,,,,,
Well-373,570426.741,3640544.811,125,0,2,8,13,,,,,,,,,,,,,,,,,,,,,,,,,,,,,,,,,,,,,,,,,,,,,,,,,,,,
Well-374,570426.741,3640544.811,125,0,0,4,14,,,,,,,,,,,,,,,,,,,,,,,,,,,,,,,,,,,,,,,,,,,,,,,,,,,,
Well-375,570426.741,3640544.811,125,0,0,4,7,11,13,,,,,,,,,,,,,,,,,,,,,,,,,,,,,,,,,,,,,,,,,,,,,,,,,,
Well-376,560421.891,3611099.75,220,0,350,,,,,,,,,,,,,,,,,,,,,,,,,,,,,,,,,,,,,,,,,,,,,,,,,,,,,,
Well-377,550174.284,3617756.013,90,0,11,25,27,,,,,,,,,,,,,,,,,,,,,,,,,,,,,,,,,,,,,,,,,,,,,,,,,,,,
Well-378,550046.109,3617355.041,100,0,13,25,28,,,,,,,,,,,,,,,,,,,,,,,,,,,,,,,,,,,,,,,,,,,,,,,,,,,,
Well-379,543693.977,3628842.143,210,0,20,25,62,70,305,315,320,340,350,,,,,,,,,,,,,,,,,,,,,,,,,,,,,,,,,,,,,,,,,,,,,,
Well-380,543694.52,3628718.968,210,0,325,340,350,,,,,,,,,,,,,,,,,,,,,,,,,,,,,,,,,,,,,,,,,,,,,,,,,,,,
Well-381,533569.367,3630958.238,230,0,340,350,,,,,,,,,,,,,,,,,,,,,,,,,,,,,,,,,,,,,,,,,,,,,,,,,,,,,
Well-382,556318.335,3627119.769,170,0,0,2,18,,,,,,,,,,,,,,,,,,,,,,,,,,,,,,,,,,,,,,,,,,,,,,,,,,,,
Well-383,556318.335,3627119.769,170,0,20,,,,,,,,,,,,,,,,,,,,,,,,,,,,,,,,,,,,,,,,,,,,,,,,,,,,,,
Well-384,556318.335,3627119.769,170,0,17,,,,,,,,,,,,,,,,,,,,,,,,,,,,,,,,,,,,,,,,,,,,,,,,,,,,,,
Well-385,556318.335,3627119.769,170,0,20,,,,,,,,,,,,,,,,,,,,,,,,,,,,,,,,,,,,,,,,,,,,,,,,,,,,,,
Well-386,556318.335,3627119.769,170,0,0,2,13,,,,,,,,,,,,,,,,,,,,,,,,,,,,,,,,,,,,,,,,,,,,,,,,,,,,
Well-387,560220.134,3614301.176,200,0,220,223,350,,,,,,,,,,,,,,,,,,,,,,,,,,,,,,,,,,,,,,,,,,,,,,,,,,,,
Well-388,552479.901,3644498.017,185.9,0,8,61,233,240,265,280,350,,,,,,,,,,,,,,,,,,,,,,,,,,,,,,,,,,,,,,,,,,,,,,,,
Well-389,555646.134,3626376.89,170,0,0,2,15,,,,,,,,,,,,,,,,,,,,,,,,,,,,,,,,,,,,,,,,,,,,,,,,,,,,
Well-390,541698.629,3639426.896,210,0,15,52,350,,,,,,,,,,,,,,,,,,,,,,,,,,,,,,,,,,,,,,,,,,,,,,,,,,,,
Well-391,558749.249,3611951.995,250,0,350,,,,,,,,,,,,,,,,,,,,,,,,,,,,,,,,,,,,,,,,,,,,,,,,,,,,,,
Well-392,528746.8,3626139.207,220,0,350,,,,,,,,,,,,,,,,,,,,,,,,,,,,,,,,,,,,,,,,,,,,,,,,,,,,,,
Well-393,530618.655,3643327.996,150,0,30,70,305,350,,,,,,,,,,,,,,,,,,,,,,,,,,,,,,,,,,,,,,,,,,,,,,,,,,,
Well-394,543459.9,3628841.113,210,0,350,,,,,,,,,,,,,,,,,,,,,,,,,,,,,,,,,,,,,,,,,,,,,,,,,,,,,,
Well-395,543460.44,3628717.938,210,0,110,140,264,275,325,340,350,,,,,,,,,,,,,,,,,,,,,,,,,,,,,,,,,,,,,,,,,,,,,,,,
Well-396,543694.248,3628780.555,210,0,28,30,330,350,,,,,,,,,,,,,,,,,,,,,,,,,,,,,,,,,,,,,,,,,,,,,,,,,,,
Well-397,572759.22,3648353.383,115,0,30,45,140,170,235,245,310,325,350,,,,,,,,,,,,,,,,,,,,,,,,,,,,,,,,,,,,,,,,,,,,,,
Well-398,570034.436,3640911.578,178,0,12,27,55,60,62,70,,,,,,,,,,,,,,,,,,,,,,,,,,,,,,,,,,,,,,,,,,,,,,,,,
Well-399,570034.436,3640911.578,175,0,21,55,70,,,,,,,,,,,,,,,,,,,,,,,,,,,,,,,,,,,,,,,,,,,,,,,,,,,,
Well-400,570034.436,3640911.578,170,0,23,50,58,,,,,,,,,,,,,,,,,,,,,,,,,,,,,,,,,,,,,,,,,,,,,,,,,,,,
Well-401,570034.436,3640911.578,176,0,26,38,50,,,,,,,,,,,,,,,,,,,,,,,,,,,,,,,,,,,,,,,,,,,,,,,,,,,,
Well-402,570034.436,3640911.578,169,0,46,,,,,,,,,,,,,,,,,,,,,,,,,,,,,,,,,,,,,,,,,,,,,,,,,,,,,,
Well-403,570034.436,3640911.578,167,0,50,,,,,,,,,,,,,,,,,,,,,,,,,,,,,,,,,,,,,,,,,,,,,,,,,,,,,,
Well-404,570034.436,3640911.578,172,0,22,37,49,,,,,,,,,,,,,,,,,,,,,,,,,,,,,,,,,,,,,,,,,,,,,,,,,,,,
Well-405,545235.228,3615946.26,220,0,190,200,310,320,325,340,350,,,,,,,,,,,,,,,,,,,,,,,,,,,,,,,,,,,,,,,,,,,,,,,,
Well-406,545182.863,3616007.609,220,0,185,200,350,,,,,,,,,,,,,,,,,,,,,,,,,,,,,,,,,,,,,,,,,,,,,,,,,,,,
Well-407,557817.709,3615333.949,220,0,55,65,100,130,232,240,265,280,350,,,,,,,,,,,,,,,,,,,,,,,,,,,,,,,,,,,,,,,,,,,,,,
Well-408,561750.6,3606919.827,200,0,0,18,130,160,,,,,,,,,,,,,,,,,,,,,,,,,,,,,,,,,,,,,,,,,,,,,,,,,,,
Well-409,551596.247,3634700.42,180,0,136,180,300,340,350,,,,,,,,,,,,,,,,,,,,,,,,,,,,,,,,,,,,,,,,,,,,,,,,,,
Well-410,560898.23,3609901.659,220,0,0,20,350,,,,,,,,,,,,,,,,,,,,,,,,,,,,,,,,,,,,,,,,,,,,,,,,,,,,
Well-411,569744.76,3641463.865,177,0,9,44,54,82,92,,,,,,,,,,,,,,,,,,,,,,,,,,,,,,,,,,,,,,,,,,,,,,,,,,
Well-412,569771.172,3641402.458,180,0,25,50,60,84,87,,,,,,,,,,,,,,,,,,,,,,,,,,,,,,,,,,,,,,,,,,,,,,,,,,
Well-413,569796.495,3641495.027,185,0,26,49,51,56,65,74,75,88,94,,,,,,,,,,,,,,,,,,,,,,,,,,,,,,,,,,,,,,,,,,,,,,
Well-414,569822.471,3641495.21,170,0,27,39,43,45,48,75,79,,,,,,,,,,,,,,,,,,,,,,,,,,,,,,,,,,,,,,,,,,,,,,,,
Well-415,569822.471,3641495.21,170,0,27,39,43,45,48,75,79,,,,,,,,,,,,,,,,,,,,,,,,,,,,,,,,,,,,,,,,,,,,,,,,
Well-416,569849.101,3641403.01,172,0,25,40,60,78,80,,,,,,,,,,,,,,,,,,,,,,,,,,,,,,,,,,,,,,,,,,,,,,,,,,
Well-417,569848.883,3641433.805,170,0,20,45,47,75,82,,,,,,,,,,,,,,,,,,,,,,,,,,,,,,,,,,,,,,,,,,,,,,,,,,
Well-418,569900.836,3641434.173,163,0,25,50,60,71,75,,,,,,,,,,,,,,,,,,,,,,,,,,,,,,,,,,,,,,,,,,,,,,,,,,
Well-419,546554.165,3617923.168,210,0,35,45,190,200,350,,,,,,,,,,,,,,,,,,,,,,,,,,,,,,,,,,,,,,,,,,,,,,,,,,
Well-420,546073.499,3626112.212,180,0,61,86,,,,,,,,,,,,,,,,,,,,,,,,,,,,,,,,,,,,,,,,,,,,,,,,,,,,,
Well-421,559644.949,3631974.111,205,0,38,58,150,,,,,,,,,,,,,,,,,,,,,,,,,,,,,,,,,,,,,,,,,,,,,,,,,,,,
Well-422,571759.098,3650224.663,140,0,25,40,95,130,,,,,,,,,,,,,,,,,,,,,,,,,,,,,,,,,,,,,,,,,,,,,,,,,,,
Well-423,547590.643,3618975.078,200,0,350,,,,,,,,,,,,,,,,,,,,,,,,,,,,,,,,,,,,,,,,,,,,,,,,,,,,,,
Well-424,540439.726,3648629.369,210,0,21,44,60,130,,,,,,,,,,,,,,,,,,,,,,,,,,,,,,,,,,,,,,,,,,,,,,,,,,,
Well-425,555620.292,3626345.95,110,0,16,24,,,,,,,,,,,,,,,,,,,,,,,,,,,,,,,,,,,,,,,,,,,,,,,,,,,,,
Well-426,555698.338,3626346.388,110,0,16,24,,,,,,,,,,,,,,,,,,,,,,,,,,,,,,,,,,,,,,,,,,,,,,,,,,,,,
Well-427,555672.322,3626346.242,110,0,16,,,,,,,,,,,,,,,,,,,,,,,,,,,,,,,,,,,,,,,,,,,,,,,,,,,,,,
Well-428,570357.602,3609963.932,70,0,16,20,,,,,,,,,,,,,,,,,,,,,,,,,,,,,,,,,,,,,,,,,,,,,,,,,,,,,
Well-429,555672.495,3626315.448,110,0,13,,,,,,,,,,,,,,,,,,,,,,,,,,,,,,,,,,,,,,,,,,,,,,,,,,,,,,
Well-430,555672.495,3626315.448,110,0,13,,,,,,,,,,,,,,,,,,,,,,,,,,,,,,,,,,,,,,,,,,,,,,,,,,,,,,
Well-431,555646.48,3626315.302,110,0,10,,,,,,,,,,,,,,,,,,,,,,,,,,,,,,,,,,,,,,,,,,,,,,,,,,,,,,
Well-432,555698.338,3626346.388,110,0,15,,,,,,,,,,,,,,,,,,,,,,,,,,,,,,,,,,,,,,,,,,,,,,,,,,,,,,
Well-433,531699.833,3630120.633,240,0,350,,,,,,,,,,,,,,,,,,,,,,,,,,,,,,,,,,,,,,,,,,,,,,,,,,,,,,
Well-434,583174.755,3619886.73,145,44,46,70,132,146,238,254,260,268,278,342,369,371,390,410,436,500,512,518,521,532,538,735,,,,,,,,,,,,,,,,,,,,,,,,,,,,,,,,,
Well-435,559834.217,3630774.229,200,24,24,32,47,88,188,209,297,301,329,337,346,353,359,384,420,427,478,482,570,597,600,640,643,698,706,710,716,,,,,,,,,,,,,,,,,,,,,,,,,,,,
Well-436,555822.518,3627394.119,220,22,33,95,138,147,155,158,175,185,190,220,286,294,310,320,332,412,498,501,503,506,612,618,628,700,,,,,,,,,,,,,,,,,,,,,,,,,,,,,,,
Well-437,555756.776,3625207.302,180,20,24,46,70,92,116,126,156,160,171,195,260,276,287,295,306,311,320,329,350,367,384,392,410,415,449,460,464,466,506,516,525,529,615,692,703,,,,,,,,,,,,,,,,,,,,
Well-438,566176.106,3611752.203,205.5,32,140,154,157,174,304,307,317,320,334,339,368,372,377,401,423,427,442,446,511,513,544,551,580,586,629,691,708,713,719,766,769,788,849,,,,,,,,,,,,,,,,,,,,,,
Well-439,563794.924,3613338.006,235,25,25,92,109,124,126,162,177,211,322,332,349,356,364,377,384,396,400,427,443,447,514,519,536,539,566,574,579,583,591,596,686,699,703,781,826,852,,,,,,,,,,,,,,,,,,,
Well-440,531038.444,3641974.347,200,10,10,64,144,155,157,162,176,178,182,184,188,227,249,255,261,268,312,345,354,376,401,440,444,,,,,,,,,,,,,,,,,,,,,,,,,,,,,,,,
Well-441,556438.227,3615172.056,255.5,20,20,61,115,126,130,140,154,186,300,305,328,336,344,354,386,404,703,763,776,,,,,,,,,,,,,,,,,,,,,,,,,,,,,,,,,,,,
Well-442,560539.95,3608821.667,220,52,60,72,94,122,138,144,250,269,282,372,452,532,542,590,594,606,614,702,816,844,850,,,,,,,,,,,,,,,,,,,,,,,,,,,,,,,,,,
Well-443,536196.773,3630659.557,200,22,46,60,74,110,116,146,175,182,274,286,294,327,335,354,368,372,376,382,428,468,496,502,514,516,527,718,,,,,,,,,,,,,,,,,,,,,,,,,,,,,
Well-444,547731.391,3627598.197,226,34,54,63,102,116,126,142,147,164,244,248,256,258,266,270,280,286,296,308,318,328,338,350,414,427,432,449,453,460,467,498,518,703,,,,,,,,,,,,,,,,,,,,,,,
Well-445,537548.925,3651143.113,198,5,5,102,116,129,215,225,296,308,312,317,334,340,367,380,389,406,411,449,454,460,469,476,487,510,592,602,611,621,623,635,646,648,659,749,,,,,,,,,,,,,,,,,,,,,
Well-446,555539.57,3645315.485,230,78,78,115,133,149,253,256,266,278,310,327,365,371,376,399,416,429,442,456,483,500,508,512,523,552,615,620,680,780,800,,,,,,,,,,,,,,,,,,,,,,,,,,
Well-447,533348.023,3642597.781,145,20,41,204,286,314,420,448,522,552,556,564,608,640,642,655,657,664,669,675,698,707,744,750,767,1016,1026,1036,1038,1058,1067,1070,1089,1110,1198,1346,1356,1360,1365,1379,1531,1536,1648,1684,1780,1784,1788,1802,1804,1828,1857,1862,1880,1894,1907,1932,1956
Well-448,568434.944,3609119.08,175,18,18,98,120,126,150,158,291,358,370,418,520,542,556,562,634,722,,,,,,,,,,,,,,,,,,,,,,,,,,,,,,,,,,,,,,,
Well-449,549426.531,3621509.18,254,40,40,63,65,72,122,134,138,178,203,227,291,306,336,344,372,409,466,469,476,488,578,583,630,710,,,,,,,,,,,,,,,,,,,,,,,,,,,,,,,
Well-450,530908.576,3641973.939,190,17,17,45,115,122,126,131,157,194,218,224,231,236,280,312,322,344,354,,,,,,,,,,,,,,,,,,,,,,,,,,,,,,,,,,,,,,
Well-451,552982.314,3633137.197,197,20,20,75,135,154,161,207,310,318,338,353,386,395,453,497,507,515,584,604,649,669,675,695,698,707,749,,,,,,,,,,,,,,,,,,,,,,,,,,,,,,
Well-452,553998.909,3632649.973,173,40,78,116,125,155,253,264,269,277,285,300,308,348,418,433,514,618,624,654,658,684,687,691,694,743,776,,,,,,,,,,,,,,,,,,,,,,,,,,,,,,
Well-453,553008.312,3633137.336,200,10,10,70,132,150,157,204,304,312,333,347,378,387,442,493,502,511,589,598,610,616,650,663,676,710,,,,,,,,,,,,,,,,,,,,,,,,,,,,,,,
Well-454,560877.059,3609100.871,231,34,34,42,56,104,118,144,276,290,320,332,354,400,504,603,619,650,673,724,800,,,,,,,,,,,,,,,,,,,,,,,,,,,,,,,,,,,,
Well-455,526127.743,3652368.701,174,37,68,91,110,120,131,156,179,186,263,385,397,570,584,,,,,,,,,,,,,,,,,,,,,,,,,,,,,,,,,,,,,,,,,,
Well-456,552826.657,3633074.773,202,30,30,73,133,154,172,209,314,321,332,338,349,357,380,411,416,420,480,497,638,641,644,649,689,700,703,745,790,,,,,,,,,,,,,,,,,,,,,,,,,,,,
Well-457,544335.646,3642333.127,212,38,38,128,148,154,186,198,227,242,249,254,278,292,332,348,354,500,504,520,544,604,710,760,,,,,,,,,,,,,,,,,,,,,,,,,,,,,,,,,
Well-458,540673.843,3648507.154,217,50,50,148,222,234,268,280,302,306,314,318,352,358,371,412,420,489,494,512,530,550,558,586,621,645,711,716,770,790,818,,,,,,,,,,,,,,,,,,,,,,,,,,
Well-459,558497.579,3614876.003,232,60,63,80,94,99,104,124,135,165,174,181,276,291,301,320,327,340,347,357,363,380,463,474,527,539,588,669,737,742,747,765,769,772,827,,,,,,,,,,,,,,,,,,,,,,
Well-460,555751.928,3626069.534,153,35,52,60,93,100,131,139,148,174,301,311,330,346,612,666,695,,,,,,,,,,,,,,,,,,,,,,,,,,,,,,,,,,,,,,,,
Well-461,555005.905,3610421.702,223,22,64,72,88,110,136,146,304,310,336,366,378,404,450,466,480,484,490,534,540,546,554,566,580,,,,,,,,,,,,,,,,,,,,,,,,,,,,,,,,
Well-462,570244.074,3622342.939,187,42,42,105,109,125,132,182,266,282,305,312,320,330,339,348,352,366,374,402,403,421,430,460,466,526,529,532,541,591,614,,,,,,,,,,,,,,,,,,,,,,,,,,
Well-463,527276.725,3649723.468,203,20,20,48,150,154,202,216,284,397,420,429,468,474,535,555,561,682,686,698,,,,,,,,,,,,,,,,,,,,,,,,,,,,,,,,,,,,,
Well-464,552001.045,3631869.39,174,70,111,137,145,154,169,189,293,301,323,337,348,385,393,399,420,431,455,466,468,480,501,505,531,542,599,604,628,647,651,660,665,667,675,682,685,723,736,763,781,782,788,802,,,,,,,,,,,,,
Well-465,553586.264,3632031.825,128,15,55,73,84,132,241,249,275,286,297,329,422,428,530,531,533,535,540,542,545,546,548,551,553,556,558,559,562,563,572,587,592,595,598,601,612,616,621,654,661,666,792,,,,,,,,,,,,,,
Well-466,552781.235,3631842.726,197,35,38,49,117,149,164,185,289,295,319,331,354,375,389,392,417,428,451,457,464,478,526,535,624,628,630,632,636,641,647,653,656,662,672,678,681,717,732,,,,,,,,,,,,,,,,,,
Well-467,552001.045,3631869.39,174,32,32,42,108,132,135,139,164,182,304,315,352,380,430,502,506,510,686,694,700,722,728,760,770,,,,,,,,,,,,,,,,,,,,,,,,,,,,,,,,
Well-468,564478.181,3628462.918,230,80,92,103,134,150,155,174,187,217,235,254,348,350,380,422,436,469,473,479,508,546,563,567,612,615,691,694,696,772,840,858,864,866,888,,,,,,,,,,,,,,,,,,,,,,
Well-469,548182.133,3652452.116,184,50,114,131,224,230,312,320,375,381,407,425,431,465,471,484,493,500,511,529,533,562,575,578,658,750,,,,,,,,,,,,,,,,,,,,,,,,,,,,,,,
Well-470,532532.698,3629907.777,212,150,156,168,245,272,279,368,398,406,416,453,461,482,486,509,514,523,566,724,736,768,,,,,,,,,,,,,,,,,,,,,,,,,,,,,,,,,,,
Well-471,560629.207,3624096.472,165,76,76,86,99,110,117,120,156,171,231,240,253,260,269,276,282,294,302,308,314,329,332,377,382,388,415,427,434,443,519,598,629,634,670,780,,,,,,,,,,,,,,,,,,,,,
Well-472,574687.93,3616339.359,160,78,94,118,132,168,284,298,318,323,334,339,367,394,439,515,622,624,701,707,750,,,,,,,,,,,,,,,,,,,,,,,,,,,,,,,,,,,,
Well-473,581510.871,3622767.828,120,68,107,126,174,177,182,186,199,212,288,306,316,330,336,343,358,362,374,385,462,470,507,513,722,725,745,784,816,,,,,,,,,,,,,,,,,,,,,,,,,,,,
Well-474,574778.322,3614707.858,155,16,68,97,115,132,250,254,314,324,330,333,366,586,646,694,702,714,736,,,,,,,,,,,,,,,,,,,,,,,,,,,,,,,,,,,,,,
Well-475,566210.29,3626164.664,210,100,116,122,124,126,130,133,142,148,157,179,194,198,200,210,227,234,236,239,300,312,326,332,363,380,391,408,418,426,448,462,506,510,530,533,543,548,765,795,812,,,,,,,,,,,,,,,,
Well-476,570737.382,3640701.017,175,10,10,26,28,30,56,67,76,100,110,124,196,207,215,225,243,254,336,339,347,349,363,370,458,471,563,570,622,,,,,,,,,,,,,,,,,,,,,,,,,,,,
Well-477,570404.718,3639990.314,140,16,22,38,48,58,126,152,180,190,268,276,292,296,326,331,495,500,502,577,591,673,685,691,735,737,746,759,898,,,,,,,,,,,,,,,,,,,,,,,,,,,,
Well-478,575569.24,3633961.533,175,82,108,120,338,376,412,512,630,782,808,820,846,878,903,,,,,,,,,,,,,,,,,,,,,,,,,,,,,,,,,,,,,,,,,,
Well-479,580074.845,3632980.694,123,24,24,88,182,194,301,310,348,384,667,763,816,840,850,,,,,,,,,,,,,,,,,,,,,,,,,,,,,,,,,,,,,,,,,,
Well-480,555642.555,3631642.838,190,26,157,186,286,296,304,310,348,370,440,495,555,662,686,726,871,,,,,,,,,,,,,,,,,,,,,,,,,,,,,,,,,,,,,,,,
Well-481,532305.706,3643641.329,122,26,98,130,148,164,170,176,216,224,240,390,400,408,422,441,,,,,,,,,,,,,,,,,,,,,,,,,,,,,,,,,,,,,,,,,
Well-482,532305.706,3643641.329,122,456,498,513,640,712,724,754,804,,,,,,,,,,,,,,,,,,,,,,,,,,,,,,,,,,,,,,,,,,,,,,,,
Well-483,561269.989,3650800.424,260,48,48,104,110,114,118,152,178,203,212,214,227,232,326,330,388,442,477,500,511,522,538,544,552,570,604,614,622,626,638,644,656,,,,,,,,,,,,,,,,,,,,,,,,
Well-484,561269.989,3650800.424,260,844,844,868,992,,,,,,,,,,,,,,,,,,,,,,,,,,,,,,,,,,,,,,,,,,,,,,,,,,,,
